"","hgnc_symbol","count"
"1","IFNA1",72
"2","NFKB1",51
"3","STAT1",47
"4","IRF3",46
"5","MAPK8",37
"6","TYK2",36
"7","MAPK9",35
"8","MAVS",35
"9","IFNB1",34
"10","MAPK10",34
"11","STAT2",34
"12","DDX58",33
"13","IKBKG",33
"14","IRF7",33
"15","MAPK1",33
"16","MAPK3",33
"17","MAPK12",31
"18","MAPK14",31
"19","CHUK",30
"20","MAPK11",30
"21","MAPK13",30
"22","AKT1",28
"23","IKBKB",28
"24","JAK1",28
"25","TRAF3",26
"26","AKT2",25
"27","AKT3",25
"28","TLR3",25
"29","PIK3CD",24
"30","PIK3R4",24
"31","TRAF6",24
"32","IKBKE",23
"33","PIK3CA",23
"34","PIK3CB",23
"35","PIK3CG",23
"36","PIK3R3",23
"37","PIK3R5",23
"38","PIK3R6",23
"39","MYD88",22
"40","TLR4",22
"41","IRF9",21
"42","EIF2AK2",20
"43","IFIH1",20
"44","IFNA4",20
"45","IFNAR1",20
"46","TLR7",20
"47","IFNA2",19
"48","RELA",19
"49","IFNA10",18
"50","IFNA13",18
"51","IFNA14",18
"52","IFNA16",18
"53","IFNA17",18
"54","IFNA21",18
"55","IFNA5",18
"56","IFNA6",18
"57","IFNA7",18
"58","IFNA8",18
"59","JAK2",18
"60","JUN",18
"61","NFKB2",18
"62","REL",18
"63","TNF",18
"64","RELB",17
"65","TBK1",17
"66","TLR9",17
"67","TRAF2",17
"68","IL6",16
"69","TLR2",16
"70","TLR6",15
"71","TLR8",15
"72","CASP10",14
"73","CASP2",14
"74","CASP8",14
"75","CASP9",14
"76","EIF2AK3",14
"77","IL1B",14
"78","TMEM173",14
"79","CASP1",13
"80","CASP12",13
"81","CASP14",13
"82","CASP3",13
"83","CASP4",13
"84","CASP5",13
"85","CASP6",13
"86","CASP7",13
"87","MTOR",13
"88","CXCL8",12
"89","DDIT3",12
"90","ERN1",12
"91","IFNAR2",12
"92","IRF6",12
"93","JAK3",12
"94","HSPA5",11
"95","IRAK1",11
"96","STAT3",11
"97","TLR1",11
"98","XBP1",11
"99","ATF4",10
"100","ATF6",10
"101","CXCL10",10
"102","FOS",10
"103","IRF1",10
"104","MX1",10
"105","STAT4",10
"106","STAT6",10
"107","TLR10",10
"108","TLR5",10
"109","TNFRSF1A",10
"110","STAT5A",9
"111","STAT5B",9
"112","TAB2",9
"113","TRIM63",9
"114","ATF2",8
"115","C3",8
"116","FADD",8
"117","FAS",8
"118","FOSB",8
"119","FOSL2",8
"120","GAST",8
"121","HRAS",8
"122","IFNG",8
"123","IFNK",8
"124","IFNW1",8
"125","IL10",8
"126","ISG15",8
"127","IVNS1ABP",8
"128","JUNB",8
"129","JUND",8
"130","PRKCA",8
"131","TG",8
"132","TRA",8
"133","CREB5",7
"134","CXCL9",7
"135","EGFR",7
"136","FOSL1",7
"137","HSP90B1",7
"138","KRAS",7
"139","KRR1",7
"140","NRAS",7
"141","OPN1LW",7
"142","PRKCB",7
"143","PRKCE",7
"144","TGFB3",7
"145","TP53",7
"146","TRIM25",7
"147","CGAS",6
"148","CISH",6
"149","CXCL11",6
"150","IL1A",6
"151","MYC",6
"152","OASL",6
"153","PRKCD",6
"154","PRKCG",6
"155","PRKCH",6
"156","PRKCI",6
"157","PRKCQ",6
"158","PRKCZ",6
"159","PRKD3",6
"160","SRC",6
"161","TANK",6
"162","TGFB1",6
"163","TGFB2",6
"164","TRADD",6
"165","ACTA1",5
"166","ACTB",5
"167","ACTC1",5
"168","ATF1",5
"169","BAX",5
"170","BCL2",5
"171","CREB1",5
"172","CREB3",5
"173","CREB3L1",5
"174","CREB3L2",5
"175","CREB3L3",5
"176","CREB3L4",5
"177","CREM",5
"178","CXCL2",5
"179","FASLG",5
"180","FOXO1",5
"181","GSK3B",5
"182","IFIT3",5
"183","IFNGR1",5
"184","IL12A",5
"185","IL12B",5
"186","IRAK4",5
"187","NLRP3",5
"188","NR2C2",5
"189","OAS1",5
"190","PPBP",5
"191","RNASEL",5
"192","SMAD3",5
"193","SOCS1",5
"194","TRAF1",5
"195","TRAF4",5
"196","TRAF5",5
"197","TRAF7",5
"198","TRB",5
"199","TRD",5
"200","TRG",5
"201","XRCC6",5
"202","ACTA2",4
"203","ACTG1",4
"204","ACTG2",4
"205","ATF3",4
"206","ATG12",4
"207","BAK1",4
"208","BCL2L1",4
"209","CAMK2B",4
"210","CCL2",4
"211","CD14",4
"212","CD8A",4
"213","CD8B",4
"214","CTNNB1",4
"215","CXCL1",4
"216","CXCL12",4
"217","CXCL13",4
"218","CXCL14",4
"219","CXCL3",4
"220","CXCL5",4
"221","CXCL6",4
"222","DHX58",4
"223","EGF",4
"224","EGR1",4
"225","EIF2AK1",4
"226","EIF2AK4",4
"227","EP300",4
"228","FOXO3",4
"229","GBF1",4
"230","GRB2",4
"231","IRF5",4
"232","MAP2K2",4
"233","MAP2K6",4
"234","MAP3K1",4
"235","MBTPS1",4
"236","MMP7",4
"237","MMP9",4
"238","NFKBIA",4
"239","NMI",4
"240","PDCD1",4
"241","PF4",4
"242","PLCG1",4
"243","PPP1R15A",4
"244","PRKAA1",4
"245","PRKAA2",4
"246","PRKAB1",4
"247","PRKAB2",4
"248","PRKACA",4
"249","PRKAG1",4
"250","PRKAG2",4
"251","PRKAG3",4
"252","PTPN11",4
"253","RAB5A",4
"254","RAB7A",4
"255","RAC1",4
"256","SARS",4
"257","SH2D3A",4
"258","SMAD4",4
"259","SOCS3",4
"260","TNFRSF10B",4
"261","TSC2",4
"262","APOA2",3
"263","APOE",3
"264","ARF1",3
"265","ARNT",3
"266","ASS1",3
"267","ATG7",3
"268","BID",3
"269","BST2",3
"270","C3AR1",3
"271","CALR",3
"272","CCL5",3
"273","CD40",3
"274","CD81",3
"275","CDC34",3
"276","CDC42",3
"277","CDH1",3
"278","CDKN2A",3
"279","DYNLL1",3
"280","EDEM1",3
"281","FOXO4",3
"282","FOXO6",3
"283","HSP90AB1",3
"284","HSPB1",3
"285","IFIT1",3
"286","IFNE",3
"287","IL10RB",3
"288","IL18",3
"289","IL1R1",3
"290","IL2",3
"291","IL4",3
"292","KRIT1",3
"293","LDLR",3
"294","MAP1LC3A",3
"295","MAP2K3",3
"296","MAP2K4",3
"297","MAP2K7",3
"298","MAX",3
"299","MDM2",3
"300","MMP10",3
"301","MMP11",3
"302","MMP12",3
"303","MMP13",3
"304","MMP16",3
"305","MMP2",3
"306","MX2",3
"307","NFATC3",3
"308","NRG1",3
"309","NRG2",3
"310","PIM1",3
"311","PLCG2",3
"312","PPP1CA",3
"313","PRKACB",3
"314","PRKACG",3
"315","PRKAR1A",3
"316","PRKAR1B",3
"317","PRKAR2A",3
"318","PRKAR2B",3
"319","PRKDC",3
"320","PSMB8",3
"321","PTEN",3
"322","PTK2",3
"323","PTPN2",3
"324","RAB18",3
"325","RAB25",3
"326","RAB27A",3
"327","RAB35",3
"328","RAB4A",3
"329","RAB8A",3
"330","RAB9A",3
"331","RAC2",3
"332","RHOA",3
"333","ROCK1",3
"334","ROCK2",3
"335","RPS6KB1",3
"336","RPS6KB2",3
"337","RPTOR",3
"338","RSAD2",3
"339","SCARB1",3
"340","SMAD2",3
"341","SOS1",3
"342","SOS2",3
"343","SPP1",3
"344","STUB1",3
"345","TAB3",3
"346","TGFBR1",3
"347","TIRAP",3
"348","TNFRSF10A",3
"349","TRAP1",3
"350","TRIM38",3
"351","TSC1",3
"352","WNT1",3
"353","WNT10A",3
"354","WNT3A",3
"355","ACE2",2
"356","ACTN2",2
"357","ACTN4",2
"358","AIMP1",2
"359","ALB",2
"360","APOA1",2
"361","APP",2
"362","ARAF",2
"363","ARNT2",2
"364","ARNTL",2
"365","ARRB1",2
"366","ARRB2",2
"367","ATG10",2
"368","ATG13",2
"369","ATG3",2
"370","ATG5",2
"371","ATM",2
"372","ATR",2
"373","BAD",2
"374","BAG3",2
"375","BDNF",2
"376","BRAF",2
"377","BRCA1",2
"378","BTK",2
"379","BTRC",2
"380","C5AR1",2
"381","CA2",2
"382","CAB39",2
"383","CANX",2
"384","CD274",2
"385","CD36",2
"386","CD4",2
"387","CD44",2
"388","CDKN2B",2
"389","CDKN2D",2
"390","CHEK2",2
"391","CHPT1",2
"392","CLDN1",2
"393","CLTA",2
"394","CLTB",2
"395","CLTC",2
"396","CLU",2
"397","CP",2
"398","CPO",2
"399","CSNK2A1",2
"400","CSNK2A2",2
"401","CSNK2B",2
"402","CTSK",2
"403","CYLD",2
"404","DAO",2
"405","DAXX",2
"406","DDIT4",2
"407","DDX3X",2
"408","DDX60",2
"409","DICER1",2
"410","DPP4",2
"411","E2F1",2
"412","E2F2",2
"413","E2F3",2
"414","ECSIT",2
"415","EEF1E1",2
"416","EIF1",2
"417","EIF1AX",2
"418","EIF4EBP1",2
"419","ELF2",2
"420","EPAS1",2
"421","ESR1",2
"422","FBXW7",2
"423","FGA",2
"424","FGB",2
"425","FGFR1",2
"426","FGFR3",2
"427","FGG",2
"428","FLNA",2
"429","FZD1",2
"430","FZD10",2
"431","FZD2",2
"432","FZD3",2
"433","FZD4",2
"434","FZD5",2
"435","FZD6",2
"436","FZD7",2
"437","FZD8",2
"438","FZD9",2
"439","G3BP1",2
"440","GNA12",2
"441","GNA13",2
"442","GNAI1",2
"443","GNAI2",2
"444","GNAI3",2
"445","GNAO1",2
"446","GNAT1",2
"447","GNAT2",2
"448","GNAT3",2
"449","GNAZ",2
"450","GPHA2",2
"451","H6PD",2
"452","HDAC1",2
"453","HDAC2",2
"454","HDAC3",2
"455","HDAC6",2
"456","HIF1A",2
"457","HIF3A",2
"458","IFI30",2
"459","IFIT2",2
"460","IFITM1",2
"461","IFITM2",2
"462","IFNGR2",2
"463","IFNLR1",2
"464","IFT22",2
"465","IK",2
"466","IL17A",2
"467","INPP5D",2
"468","IPP",2
"469","KAT5",2
"470","KPNA1",2
"471","LAG3",2
"472","LBP",2
"473","LCK",2
"474","LY96",2
"475","MAF",2
"476","MAP2K1",2
"477","MAP3K11",2
"478","MAP3K20",2
"479","MAP3K5",2
"480","MAP3K6",2
"481","MAPKAPK5",2
"482","MBTPS2",2
"483","MCL1",2
"484","MMP1",2
"485","MMP14",2
"486","MMP15",2
"487","MMP17",2
"488","MMP19",2
"489","MMP20",2
"490","MMP21",2
"491","MMP23B",2
"492","MMP24",2
"493","MMP25",2
"494","MMP27",2
"495","MMP28",2
"496","MMP3",2
"497","MMP8",2
"498","MPC1",2
"499","MRPL49",2
"500","NCF1",2
"501","NELFCD",2
"502","NES",2
"503","NFATC1",2
"504","NGF",2
"505","NOS2",2
"506","NR0B2",2
"507","OAS2",2
"508","OCLN",2
"509","PC",2
"510","PDC",2
"511","PDK1",2
"512","PHLPP1",2
"513","PLCB1",2
"514","PLCB2",2
"515","PLCB3",2
"516","PLCB4",2
"517","PLCD1",2
"518","PLCD3",2
"519","PLCD4",2
"520","PLCE1",2
"521","PLCZ1",2
"522","PLK4",2
"523","POMC",2
"524","PPARA",2
"525","PPP3CA",2
"526","PPP3CB",2
"527","PPP3CC",2
"528","PTPN6",2
"529","RAB10",2
"530","RAB11A",2
"531","RAB11B",2
"532","RAB12",2
"533","RAB13",2
"534","RAB14",2
"535","RAB15",2
"536","RAB17",2
"537","RAB19",2
"538","RAB1A",2
"539","RAB1B",2
"540","RAB20",2
"541","RAB21",2
"542","RAB22A",2
"543","RAB23",2
"544","RAB24",2
"545","RAB26",2
"546","RAB27B",2
"547","RAB28",2
"548","RAB29",2
"549","RAB2A",2
"550","RAB2B",2
"551","RAB30",2
"552","RAB31",2
"553","RAB32",2
"554","RAB33A",2
"555","RAB33B",2
"556","RAB34",2
"557","RAB36",2
"558","RAB37",2
"559","RAB38",2
"560","RAB39A",2
"561","RAB39B",2
"562","RAB3A",2
"563","RAB3B",2
"564","RAB3C",2
"565","RAB3D",2
"566","RAB40A",2
"567","RAB40AL",2
"568","RAB40B",2
"569","RAB40C",2
"570","RAB41",2
"571","RAB42",2
"572","RAB43",2
"573","RAB44",2
"574","RAB4B",2
"575","RAB5B",2
"576","RAB5C",2
"577","RAB6A",2
"578","RAB6B",2
"579","RAB6C",2
"580","RAB7B",2
"581","RAB8B",2
"582","RAB9B",2
"583","RABL2A",2
"584","RABL2B",2
"585","RABL3",2
"586","RAC3",2
"587","RAF1",2
"588","RASSF5",2
"589","RB1CC1",2
"590","RHOG",2
"591","RIPK1",2
"592","RNF135",2
"593","RPS6KA3",2
"594","RPS6KA5",2
"595","SHC1",2
"596","SIRT1",2
"597","SIRT4",2
"598","SIRT6",2
"599","SMAD7",2
"600","SP1",2
"601","SPRED1",2
"602","SPRED2",2
"603","SPRED3",2
"604","SRF",2
"605","SSB",2
"606","ST13",2
"607","STK11",2
"608","STK24",2
"609","STRADA",2
"610","TAP1",2
"611","TECR",2
"612","TFDP1",2
"613","THBS1",2
"614","TNFAIP3",2
"615","TNFRSF10C",2
"616","TNFRSF10D",2
"617","TNFRSF1B",2
"618","TNFSF10",2
"619","TPK1",2
"620","TUBE1",2
"621","TXNIP",2
"622","UBA1",2
"623","UCHL5",2
"624","ULK1",2
"625","ULK2",2
"626","UNK",2
"627","USP14",2
"628","VAV1",2
"629","VAV2",2
"630","VAV3",2
"631","WAS",2
"632","WASF1",2
"633","WNT10B",2
"634","WNT11",2
"635","WNT16",2
"636","WNT2",2
"637","WNT2B",2
"638","WNT3",2
"639","WNT4",2
"640","WNT5A",2
"641","WNT5B",2
"642","WNT6",2
"643","WNT7A",2
"644","WNT7B",2
"645","WNT8A",2
"646","WNT8B",2
"647","WNT9A",2
"648","WNT9B",2
"649","XPO1",2
"650","XRCC5",2
"651","YES1",2
"652","ZAP70",2
"653","ZBP1",2
"654","ZCCHC3",2
"655","ACACA",1
"656","ACACB",1
"657","ACHE",1
"658","ACTN1",1
"659","ACTN3",1
"660","ADAM17",1
"661","ADAMTS2",1
"662","ADAR",1
"663","ADRM1",1
"664","AFDN",1
"665","AGBL4",1
"666","AGBL5",1
"667","AGO2",1
"668","AGXT",1
"669","AHR",1
"670","AIFM1",1
"671","AIM2",1
"672","AMBRA1",1
"673","AMFR",1
"674","AMT",1
"675","ANAPC1",1
"676","APAF1",1
"677","APIP",1
"678","APOA4",1
"679","APOA5",1
"680","ARCN1",1
"681","ARHGAP1",1
"682","ARL5B",1
"683","ARRDC4",1
"684","ART1",1
"685","ASNS",1
"686","ATF7",1
"687","ATG14",1
"688","ATG16L1",1
"689","ATP1A1",1
"690","ATP1A2",1
"691","ATP1A3",1
"692","ATP1A4",1
"693","ATP1B1",1
"694","ATP1B2",1
"695","ATP1B3",1
"696","ATP1B4",1
"697","ATP2A2",1
"698","ATP4B",1
"699","ATP5F1E",1
"700","ATP5IF1",1
"701","ATP5MPL",1
"702","ATP6V1B2",1
"703","ATRIP",1
"704","ATRX",1
"705","AVPR2",1
"706","AXIN1",1
"707","AXIN2",1
"708","AZIN2",1
"709","B2M",1
"710","BAAT",1
"711","BAG2",1
"712","BAG5",1
"713","BAG6",1
"714","BATF",1
"715","BATF3",1
"716","BCL2L11",1
"717","BCL2L2",1
"718","BCR",1
"719","BIRC3",1
"720","BLNK",1
"721","BMP1",1
"722","BMP10",1
"723","BMP15",1
"724","BMP2",1
"725","BMP3",1
"726","BMP4",1
"727","BMP5",1
"728","BMP6",1
"729","BMP7",1
"730","BMP8A",1
"731","BMP8B",1
"732","BRCA2",1
"733","BSG",1
"734","C1QBP",1
"735","C2",1
"736","C4B",1
"737","C5",1
"738","C6",1
"739","CACFD1",1
"740","CAD",1
"741","CALCOCO2",1
"742","CAMK2A",1
"743","CAMK2D",1
"744","CAMKK2",1
"745","CARD11",1
"746","CARD16",1
"747","CASK",1
"748","CAT",1
"749","CAV1",1
"750","CBL",1
"751","CCL16",1
"752","CCL20",1
"753","CCL4",1
"754","CCR1",1
"755","CCR7",1
"756","CD209",1
"757","CD46",1
"758","CD6",1
"759","CD74",1
"760","CD79A",1
"761","CD80",1
"762","CD9",1
"763","CD99",1
"764","CDC20",1
"765","CDC25A",1
"766","CDK1",1
"767","CDK10",1
"768","CDK11A",1
"769","CDK11B",1
"770","CDK12",1
"771","CDK13",1
"772","CDK14",1
"773","CDK15",1
"774","CDK16",1
"775","CDK17",1
"776","CDK18",1
"777","CDK19",1
"778","CDK2",1
"779","CDK20",1
"780","CDK3",1
"781","CDK4",1
"782","CDK5",1
"783","CDK6",1
"784","CDK7",1
"785","CDK8",1
"786","CDK9",1
"787","CDKL1",1
"788","CDKL2",1
"789","CDKL3",1
"790","CDKL4",1
"791","CDKL5",1
"792","CDKN1B",1
"793","CEBPA",1
"794","CEBPB",1
"795","CEBPD",1
"796","CEBPE",1
"797","CEBPG",1
"798","CFL1",1
"799","CFL2",1
"800","CFTR",1
"801","CHEK1",1
"802","CIT",1
"803","CLDN11",1
"804","CLEC7A",1
"805","CLUH",1
"806","CNTN2",1
"807","COL4A3BP",1
"808","CORT",1
"809","COX8A",1
"810","CPB1",1
"811","CPE",1
"812","CRADD",1
"813","CRAT",1
"814","CRK",1
"815","CROT",1
"816","CRYBG1",1
"817","CSF2",1
"818","CSHL1",1
"819","CSRP3",1
"820","CTNNA1",1
"821","CTNNA2",1
"822","CTNNA3",1
"823","CTNND1",1
"824","CTRL",1
"825","CTSB",1
"826","CTSS",1
"827","CWC27",1
"828","CXCR4",1
"829","CYBB",1
"830","DAG1",1
"831","DAPK1",1
"832","DBP",1
"833","DCLRE1C",1
"834","DDB1",1
"835","DDC",1
"836","DDX41",1
"837","DDX6",1
"838","DERL1",1
"839","DEUP1",1
"840","DGCR8",1
"841","DHX29",1
"842","DHX9",1
"843","DKK1",1
"844","DLG1",1
"845","DMD",1
"846","DNAJA1",1
"847","DNAJC3",1
"848","DRAM1",1
"849","DROSHA",1
"850","DSP",1
"851","DSTN",1
"852","DUSP1",1
"853","DUSP10",1
"854","DUSP16",1
"855","DUSP4",1
"856","DUSP5",1
"857","DUSP8",1
"858","DVL1",1
"859","DVL2",1
"860","DVL3",1
"861","E2F4",1
"862","E2F5",1
"863","E2F6",1
"864","E2F7",1
"865","E2F8",1
"866","EDEM2",1
"867","EDEM3",1
"868","EDIL3",1
"869","EDN2",1
"870","EEF1A1",1
"871","EEF1A2",1
"872","EEF1B2",1
"873","EEF1D",1
"874","EEF1G",1
"875","EEF2",1
"876","EEF2K",1
"877","EGR2",1
"878","EGR3",1
"879","EGR4",1
"880","EIF1AY",1
"881","EIF2B1",1
"882","EIF2B2",1
"883","EIF2B3",1
"884","EIF2B4",1
"885","EIF2B5",1
"886","EIF2S1",1
"887","EIF2S2",1
"888","EIF2S3",1
"889","EIF3A",1
"890","EIF3B",1
"891","EIF3C",1
"892","EIF3D",1
"893","EIF3E",1
"894","EIF3F",1
"895","EIF3G",1
"896","EIF3H",1
"897","EIF3I",1
"898","EIF3J",1
"899","EIF4A1",1
"900","EIF4A2",1
"901","EIF4B",1
"902","EIF4EBP2",1
"903","EIF4EBP3",1
"904","EIF4G1",1
"905","EIF4G3",1
"906","EIF4H",1
"907","EIF5",1
"908","EIF5B",1
"909","EIF6",1
"910","ELANE",1
"911","ELF3",1
"912","ELF4",1
"913","ELL",1
"914","ENG",1
"915","EOMES",1
"916","EPB41",1
"917","EPHA2",1
"918","EPO",1
"919","ERF",1
"920","ERG",1
"921","ERG28",1
"922","ERP29",1
"923","ETF1",1
"924","ETNK1",1
"925","ETS1",1
"926","ETS2",1
"927","ETV5",1
"928","ETV6",1
"929","EXO5",1
"930","FAIM2",1
"931","FANCE",1
"932","FASN",1
"933","FASTK",1
"934","FER",1
"935","FGF1",1
"936","FGF10",1
"937","FGF11",1
"938","FGF12",1
"939","FGF13",1
"940","FGF14",1
"941","FGF16",1
"942","FGF17",1
"943","FGF18",1
"944","FGF19",1
"945","FGF2",1
"946","FGF20",1
"947","FGF21",1
"948","FGF22",1
"949","FGF23",1
"950","FGF3",1
"951","FGF4",1
"952","FGF5",1
"953","FGF6",1
"954","FGF7",1
"955","FGF8",1
"956","FGF9",1
"957","FGFR2",1
"958","FGFR4",1
"959","FGFRL1",1
"960","FITM2",1
"961","FLT1",1
"962","FLT4",1
"963","FN1",1
"964","FOXC1",1
"965","FOXJ1",1
"966","FURIN",1
"967","FYN",1
"968","G3BP2",1
"969","G6PD",1
"970","GADD45A",1
"971","GAL",1
"972","GATA3",1
"973","GBP3",1
"974","GC",1
"975","GCK",1
"976","GDF1",1
"977","GDF2",1
"978","GDF3",1
"979","GDF5",1
"980","GDF6",1
"981","GDF7",1
"982","GEM",1
"983","GEN1",1
"984","GET4",1
"985","GHITM",1
"986","GIPC1",1
"987","GLI1",1
"988","GLS",1
"989","GMPR",1
"990","GNAL",1
"991","GNAS",1
"992","GNRH1",1
"993","GP5",1
"994","GPR1",1
"995","GPR135",1
"996","GPR37",1
"997","GPT",1
"998","GPT2",1
"999","GSK3A",1
"1000","GSN",1
"1001","GSPT2",1
"1002","GYPB",1
"1003","GZMB",1
"1004","H2AFX",1
"1005","H3F3C",1
"1006","HCST",1
"1007","HDAC10",1
"1008","HDAC11",1
"1009","HDAC4",1
"1010","HDAC5",1
"1011","HDAC7",1
"1012","HDAC8",1
"1013","HDAC9",1
"1014","HERC5",1
"1015","HIST3H3",1
"1016","HLF",1
"1017","HMBS",1
"1018","HMGB1",1
"1019","HMGCR",1
"1020","HMOX1",1
"1021","HMX2",1
"1022","HNF4A",1
"1023","HNRNPK",1
"1024","HSP90AA1",1
"1025","HSPA1B",1
"1026","HSPE1",1
"1027","HYOU1",1
"1028","ICAM1",1
"1029","ICAM2",1
"1030","ICAM3",1
"1031","ICAM4",1
"1032","ICAM5",1
"1033","ICOS",1
"1034","ICOSLG",1
"1035","ID2",1
"1036","IFI16",1
"1037","IFI35",1
"1038","IFITM3",1
"1039","IFNL2",1
"1040","IFNL3",1
"1041","IFNL4",1
"1042","IGF1",1
"1043","IGF1R",1
"1044","IL17F",1
"1045","IL19",1
"1046","IL1RN",1
"1047","IL21",1
"1048","IL22",1
"1049","IL23A",1
"1050","IL3",1
"1051","IL32",1
"1052","IMPDH1",1
"1053","INPPL1",1
"1054","INS",1
"1055","INSR",1
"1056","IRF2",1
"1057","IRF4",1
"1058","IRF8",1
"1059","IRS1",1
"1060","ISG20",1
"1061","ITGA4",1
"1062","ITGAL",1
"1063","ITGB2",1
"1064","ITK",1
"1065","ITPKA",1
"1066","JAM2",1
"1067","JAM3",1
"1068","KCNH6",1
"1069","KCNJ12",1
"1070","KDR",1
"1071","KEAP1",1
"1072","KIF23",1
"1073","KIFAP3",1
"1074","KIR3DL2",1
"1075","KITLG",1
"1076","KLHL2",1
"1077","KMT2E",1
"1078","KPNB1",1
"1079","KRT8",1
"1080","LAT2",1
"1081","LEF1",1
"1082","LILRA4",1
"1083","LIPE",1
"1084","LPA",1
"1085","LRP1",1
"1086","LRP5",1
"1087","LRP6",1
"1088","LRPAP1",1
"1089","LRRC15",1
"1090","LRRC25",1
"1091","LTA",1
"1092","LYN",1
"1093","LYST",1
"1094","MAK",1
"1095","MAL",1
"1096","MAP2K5",1
"1097","MAP3K12",1
"1098","MAP3K13",1
"1099","MAP3K3",1
"1100","MAP3K4",1
"1101","MAP4K3",1
"1102","MAP4K4",1
"1103","MAPK8IP3",1
"1104","MAPKAP1",1
"1105","MAPT",1
"1106","MARCH8",1
"1107","MBL2",1
"1108","MDC1",1
"1109","MEA1",1
"1110","MED12",1
"1111","MED31",1
"1112","MFAP1",1
"1113","MGAM",1
"1114","MGAT1",1
"1115","MKKS",1
"1116","MLST8",1
"1117","MLXIPL",1
"1118","MOS",1
"1119","MPI",1
"1120","MRE11",1
"1121","MSMO1",1
"1122","MT-ATP6",1
"1123","MT-ATP8",1
"1124","MT2A",1
"1125","MTTP",1
"1126","MVP",1
"1127","NAE1",1
"1128","NBPF3",1
"1129","NCAPG2",1
"1130","NCF2",1
"1131","NCF4",1
"1132","NDC1",1
"1133","NEDD4",1
"1134","NEFL",1
"1135","NF2",1
"1136","NFAT5",1
"1137","NFATC2",1
"1138","NFATC4",1
"1139","NFE2",1
"1140","NFYA",1
"1141","NFYB",1
"1142","NFYC",1
"1143","NKD1",1
"1144","NKD2",1
"1145","NLK",1
"1146","NLRC4",1
"1147","NLRC5",1
"1148","NLRP2",1
"1149","NOD1",1
"1150","NOD2",1
"1151","NOS1",1
"1152","NOS3",1
"1153","NOTCH1",1
"1154","NOTCH2",1
"1155","NOTCH3",1
"1156","NOTCH4",1
"1157","NOX1",1
"1158","NPAS1",1
"1159","NPC1L1",1
"1160","NPDC1",1
"1161","NQO1",1
"1162","NR4A3",1
"1163","NRG3",1
"1164","NRG4",1
"1165","NUP153",1
"1166","NUP62",1
"1167","NUP98",1
"1168","OAS3",1
"1169","OPTN",1
"1170","OS9",1
"1171","PABPC1",1
"1172","PAFAH1B1",1
"1173","PAIP1",1
"1174","PAK1IP1",1
"1175","PAM",1
"1176","PARP12",1
"1177","PBRM1",1
"1178","PCSK2",1
"1179","PCSK7",1
"1180","PCSK9",1
"1181","PDCD6IP",1
"1182","PDE10A",1
"1183","PDE11A",1
"1184","PDE1A",1
"1185","PDE1B",1
"1186","PDE1C",1
"1187","PDE2A",1
"1188","PDE3A",1
"1189","PDE3B",1
"1190","PDE4A",1
"1191","PDE4B",1
"1192","PDE4C",1
"1193","PDE4D",1
"1194","PDE6A",1
"1195","PDE6B",1
"1196","PDE6C",1
"1197","PDE7A",1
"1198","PDE7B",1
"1199","PDE8A",1
"1200","PDE8B",1
"1201","PDE9A",1
"1202","PDGFRA",1
"1203","PDGFRB",1
"1204","PDIA3",1
"1205","PDK2",1
"1206","PDK3",1
"1207","PDK4",1
"1208","PDLIM2",1
"1209","PDXP",1
"1210","PENK",1
"1211","PGF",1
"1212","PHB",1
"1213","PHB2",1
"1214","PHKA2",1
"1215","PI4K2A",1
"1216","PIAS1",1
"1217","PIAS3",1
"1218","PIDD1",1
"1219","PIK3C3",1
"1220","PIK3R1",1
"1221","PLA2G10",1
"1222","PLA2G12A",1
"1223","PLA2G12B",1
"1224","PLA2G1B",1
"1225","PLA2G2A",1
"1226","PLA2G2C",1
"1227","PLA2G2D",1
"1228","PLA2G2E",1
"1229","PLA2G2F",1
"1230","PLA2G3",1
"1231","PLA2G4A",1
"1232","PLA2G4C",1
"1233","PLA2G4D",1
"1234","PLA2G5",1
"1235","PLA2G6",1
"1236","PLA2G7",1
"1237","PLAT",1
"1238","PLAU",1
"1239","PLG",1
"1240","PLK1",1
"1241","PLP1",1
"1242","PML",1
"1243","PMVK",1
"1244","PPARGC1A",1
"1245","PPIA",1
"1246","PPIAL4A",1
"1247","PPIAL4C",1
"1248","PPIAL4G",1
"1249","PPIB",1
"1250","PPIC",1
"1251","PPID",1
"1252","PPIE",1
"1253","PPIF",1
"1254","PPIH",1
"1255","PPIL1",1
"1256","PPIL2",1
"1257","PPIL3",1
"1258","PPIL4",1
"1259","PPIL6",1
"1260","PPIP5K1",1
"1261","PPL",1
"1262","PPM1A",1
"1263","PPP1CC",1
"1264","PPP3R1",1
"1265","PPP3R2",1
"1266","PPP6R3",1
"1267","PPWD1",1
"1268","PRF1",1
"1269","PRKN",1
"1270","PROC",1
"1271","PRPF40A",1
"1272","PRRG4",1
"1273","PSEN1",1
"1274","PSMD4",1
"1275","PSMF1",1
"1276","PTAFR",1
"1277","PTCH1",1
"1278","PTK2B",1
"1279","PTPN1",1
"1280","PTPN13",1
"1281","PTPN21",1
"1282","PTPRG",1
"1283","PTS",1
"1284","PXN",1
"1285","PYCARD",1
"1286","RAD52",1
"1287","RALA",1
"1288","RALGDS",1
"1289","RAPGEF3",1
"1290","RASA1",1
"1291","RASGRF1",1
"1292","RASGRF2",1
"1293","RASGRP1",1
"1294","RB1",1
"1295","RBCK1",1
"1296","REN",1
"1297","RFX1",1
"1298","RFX2",1
"1299","RFX3",1
"1300","RFX4",1
"1301","RFX5",1
"1302","RFX6",1
"1303","RFX7",1
"1304","RFX8",1
"1305","RHEB",1
"1306","RHOH",1
"1307","RICTOR",1
"1308","RIOK3",1
"1309","RIPK2",1
"1310","RNF122",1
"1311","RNF123",1
"1312","RNF125",1
"1313","RNF14",1
"1314","RNF168",1
"1315","RNF185",1
"1316","RNF19A",1
"1317","RNF8",1
"1318","RPA1",1
"1319","RPA2",1
"1320","RPA3",1
"1321","RPE",1
"1322","RPL18",1
"1323","RPLP1",1
"1324","RPS6KA1",1
"1325","RPS6KA2",1
"1326","RPS6KA4",1
"1327","RPS6KA6",1
"1328","RTN4RL2",1
"1329","RXRA",1
"1330","RXRB",1
"1331","RXRG",1
"1332","SAE1",1
"1333","SAG",1
"1334","SAMHD1",1
"1335","SARM1",1
"1336","SART3",1
"1337","SBNO2",1
"1338","SCPEP1",1
"1339","SCRIB",1
"1340","SENP2",1
"1341","SENP7",1
"1342","SERINC3",1
"1343","SERINC5",1
"1344","SERPINA1",1
"1345","SERPINE1",1
"1346","SERPINF2",1
"1347","SFPQ",1
"1348","SFTPA1",1
"1349","SFTPA2",1
"1350","SGCG",1
"1351","SGMS1",1
"1352","SGMS2",1
"1353","SGTA",1
"1354","SH2B2",1
"1355","SH3GLB1",1
"1356","SHBG",1
"1357","SHC2",1
"1358","SHC3",1
"1359","SHC4",1
"1360","SHH",1
"1361","SIAH1",1
"1362","SIAH2",1
"1363","SIKE1",1
"1364","SIN3A",1
"1365","SIRT2",1
"1366","SIRT3",1
"1367","SIRT5",1
"1368","SIRT7",1
"1369","SLC10A1",1
"1370","SLC13A5",1
"1371","SLC26A5",1
"1372","SLC2A1",1
"1373","SLC9A3",1
"1374","SLC9A3R1",1
"1375","SLC9A3R2",1
"1376","SLFN11",1
"1377","SMO",1
"1378","SNAI2",1
"1379","SNTA1",1
"1380","SNTB1",1
"1381","SNU13",1
"1382","SOCS2",1
"1383","SOCS5",1
"1384","SOCS6",1
"1385","SP100",1
"1386","SP2",1
"1387","SPECC1",1
"1388","SPINK1",1
"1389","SREBF2",1
"1390","SRPK1",1
"1391","SRPK2",1
"1392","STAM",1
"1393","STS",1
"1394","SUMO2",1
"1395","SUMO3",1
"1396","SUV39H1",1
"1397","SYK",1
"1398","TAB1",1
"1399","TAP2",1
"1400","TBPL2",1
"1401","TCEA1",1
"1402","TCF3",1
"1403","TCF4",1
"1404","TEC",1
"1405","TEK",1
"1406","TERF2IP",1
"1407","TFPT",1
"1408","TH",1
"1409","THRA",1
"1410","THRB",1
"1411","TICAM2",1
"1412","TIMP1",1
"1413","TKFC",1
"1414","TMBIM6",1
"1415","TMEM2",1
"1416","TNC",1
"1417","TNFRSF14",1
"1418","TNFSF11",1
"1419","TNFSF13B",1
"1420","TNIP1",1
"1421","TNN",1
"1422","TNR",1
"1423","TNXB",1
"1424","TOLLIP",1
"1425","TOMM70",1
"1426","TOPBP1",1
"1427","TOX",1
"1428","TP53BP1",1
"1429","TPCN1",1
"1430","TPCN2",1
"1431","TPM1",1
"1432","TPR",1
"1433","TREM2",1
"1434","TRIB3",1
"1435","TRIM13",1
"1436","TRIM14",1
"1437","TRIM24",1
"1438","TRIM26",1
"1439","TRIM27",1
"1440","TRIM28",1
"1441","TRIM4",1
"1442","TRIM40",1
"1443","TRIM41",1
"1444","TRIM50",1
"1445","TRIM56",1
"1446","TRIM6",1
"1447","TRIM65",1
"1448","TRIM8",1
"1449","TRMT1",1
"1450","TRMT112",1
"1451","TRRAP",1
"1452","TSG101",1
"1453","TTLL4",1
"1454","TTLL6",1
"1455","TUBA1A",1
"1456","TUBA1B",1
"1457","TUBA1C",1
"1458","TUBA3C",1
"1459","TUBA3D",1
"1460","TUBA3E",1
"1461","TUBA4A",1
"1462","TUBA8",1
"1463","TUBAL3",1
"1464","TUBB",1
"1465","TUBB1",1
"1466","TUBB2A",1
"1467","TUBB2B",1
"1468","TUBB3",1
"1469","TUBB4A",1
"1470","TUBB4B",1
"1471","TUBB6",1
"1472","TUBD1",1
"1473","TUBG1",1
"1474","TUBG2",1
"1475","TXK",1
"1476","TYROBP",1
"1477","TYSND1",1
"1478","UBASH3A",1
"1479","UBC",1
"1480","UBD",1
"1481","UBE2D3",1
"1482","UBE2J1",1
"1483","UBE2K",1
"1484","UBE2V1",1
"1485","UBL4A",1
"1486","UCHL1",1
"1487","UCHL3",1
"1488","UPP1",1
"1489","USF2",1
"1490","USP15",1
"1491","USP18",1
"1492","USP21",1
"1493","USP3",1
"1494","USP4",1
"1495","USP5",1
"1496","USP7",1
"1497","USP8",1
"1498","USP9X",1
"1499","UTRN",1
"1500","UVRAG",1
"1501","VAPA",1
"1502","VASP",1
"1503","VCL",1
"1504","VEGFA",1
"1505","VEGFB",1
"1506","VEGFC",1
"1507","VEGFD",1
"1508","VIM",1
"1509","VPS4A",1
"1510","WDTC1",1
"1511","WWP1",1
"1512","XCR1",1
"1513","XRCC4",1
"1514","XRN1",1
"1515","YWHAG",1
"1516","YWHAZ",1
"1517","ZC3H12A",1
"1518","ZCCHC11",1
"1519","ZEB2",1
"1520","ZFYVE1",1
"1521","ZFYVE9",1
"1522","ZNF598",1
"1523","ZNF74",1
